dataset_name,dim,skew,seed,nruns,index_name,nlist,nprobe,niter,add_time,train_time,total_build_time,total_search_time,total_time,10th_search_time_ms,25th_search_time_ms,median_search_time_ms,mean_search_time_ms,75th_search_time_ms,90th_search_time_ms,99th_search_time_ms,std_search_time_ms,CV_search_time_ms,QPS,recall_1,recall_10,recall_100,nthreads,batch_size,total_num_queries,run_date,cmd
SIFT1M,128,default,42,3,BruteForce,,,,0.3717048709804658,0,0.3717048709804658,68.23882083955687,68.61052571053733,105.73132119025104,107.69708000589162,108.56447200058028,109.18211334329098,109.22327701700851,109.76982800057158,110.47835104982369,17.13658447680066,15.695413792660084,146.54415004491364,1.0,0.99993,0.999967,16,16,10000,2025-02-27 00:48:00,python run_baselines.py --result_path ./results/ --dbname SIFT1M --skew default --store --target_queries 0 --nruns 3 --seed 42 --nthreads 16 --runid 250227_rerun_baselines --run_desc None --index_name BruteForce IVFFlat --topK 100 --niter 10 --nprobe 1 2 4 8 16 20 32 48 64 80 128 256 512 1024 --nlist 1000 5000 10000 16000 --batch_size None
SIFT1M,128,default,42,3,IVFFlat,1000,1,10,1.6150445060047787,3.8680638239893597,5.483108329994138,0.1747723871085327,5.657880717102671,0.2178233931772411,0.23705899366177619,0.2677089942153543,0.27963581937365234,0.3103189810644835,0.3561635909136385,0.4363525926601141,0.06261042586084697,22.3899878066716,58585.947209688165,0.4311,0.3839,0.308513,16,16,10000,2025-02-27 00:48:08,python run_baselines.py --result_path ./results/ --dbname SIFT1M --skew default --store --target_queries 0 --nruns 3 --seed 42 --nthreads 16 --runid 250227_rerun_baselines --run_desc None --index_name BruteForce IVFFlat --topK 100 --niter 10 --nprobe 1 2 4 8 16 20 32 48 64 80 128 256 512 1024 --nlist 1000 5000 10000 16000 --batch_size None
SIFT1M,128,default,42,3,IVFFlat,1000,2,10,1.6150445060047787,3.8680638239893597,5.483108329994138,0.3113600028445944,5.794468332838733,0.3781916107982397,0.42150900117121637,0.47339897719211876,0.4981760045513511,0.5516080127563328,0.6397815886884928,0.830015200190246,0.12244306279073136,24.57827387752277,31979.396159245054,0.6013,0.54432,0.454343,16,16,10000,2025-02-27 00:48:10,python run_baselines.py --result_path ./results/ --dbname SIFT1M --skew default --store --target_queries 0 --nruns 3 --seed 42 --nthreads 16 --runid 250227_rerun_baselines --run_desc None --index_name BruteForce IVFFlat --topK 100 --niter 10 --nprobe 1 2 4 8 16 20 32 48 64 80 128 256 512 1024 --nlist 1000 5000 10000 16000 --batch_size None
SIFT1M,128,default,42,3,IVFFlat,1000,4,10,1.6150445060047787,3.8680638239893597,5.483108329994138,0.6049083869729657,6.088016716967104,0.7426344091072679,0.8187780040316284,0.930099020479247,0.967853419156745,1.0662479908205569,1.22380240354687,1.7196018039248884,0.21876920203797945,22.603546953275732,16672.981336149507,0.7547,0.70033,0.609928,16,16,10000,2025-02-27 00:48:13,python run_baselines.py --result_path ./results/ --dbname SIFT1M --skew default --store --target_queries 0 --nruns 3 --seed 42 --nthreads 16 --runid 250227_rerun_baselines --run_desc None --index_name BruteForce IVFFlat --topK 100 --niter 10 --nprobe 1 2 4 8 16 20 32 48 64 80 128 256 512 1024 --nlist 1000 5000 10000 16000 --batch_size None
SIFT1M,128,default,42,3,IVFFlat,1000,8,10,1.6150445060047787,3.8680638239893597,5.483108329994138,1.1624781411956064,6.645586471189745,1.4754675910808146,1.6126669943332672,1.788937021046877,1.8599650259129703,2.041357016423717,2.3127505904994905,2.9782010021153833,0.3447146247939726,18.53339283219953,8503.782870633386,0.8763,0.83273,0.754565,16,16,10000,2025-02-27 00:48:19,python run_baselines.py --result_path ./results/ --dbname SIFT1M --skew default --store --target_queries 0 --nruns 3 --seed 42 --nthreads 16 --runid 250227_rerun_baselines --run_desc None --index_name BruteForce IVFFlat --topK 100 --niter 10 --nprobe 1 2 4 8 16 20 32 48 64 80 128 256 512 1024 --nlist 1000 5000 10000 16000 --batch_size None
SIFT1M,128,default,42,3,IVFFlat,1000,16,10,1.6150445060047787,3.8680638239893597,5.483108329994138,2.2301746999146417,7.71328302990878,2.9311090009287,3.151195007376373,3.4832840028684586,3.5682795198634265,3.816573997028172,4.275693011004478,5.781824428122491,0.608839337448059,17.062546083031126,4483.030035640813,0.9476,0.92192,0.868612,16,16,10000,2025-02-27 00:48:27,python run_baselines.py --result_path ./results/ --dbname SIFT1M --skew default --store --target_queries 0 --nruns 3 --seed 42 --nthreads 16 --runid 250227_rerun_baselines --run_desc None --index_name BruteForce IVFFlat --topK 100 --niter 10 --nprobe 1 2 4 8 16 20 32 48 64 80 128 256 512 1024 --nlist 1000 5000 10000 16000 --batch_size None
SIFT1M,128,default,42,3,IVFFlat,1000,20,10,1.6150445060047787,3.8680638239893597,5.483108329994138,2.7460263239918277,8.229134653985966,3.6257240106351674,3.889924002578482,4.199992981739342,4.393642118386924,4.663992003770545,5.281075008679181,7.875484253745526,0.8285932455739652,18.858915297319978,3641.6256875000595,0.9626,0.94229,0.897013,16,16,10000,2025-02-27 00:48:37,python run_baselines.py --result_path ./results/ --dbname SIFT1M --skew default --store --target_queries 0 --nruns 3 --seed 42 --nthreads 16 --runid 250227_rerun_baselines --run_desc None --index_name BruteForce IVFFlat --topK 100 --niter 10 --nprobe 1 2 4 8 16 20 32 48 64 80 128 256 512 1024 --nlist 1000 5000 10000 16000 --batch_size None
SIFT1M,128,default,42,3,IVFFlat,1000,32,10,1.6150445060047787,3.8680638239893597,5.483108329994138,4.263682613818673,9.746790943812812,5.774350592400879,6.079621991375461,6.589902011910453,6.8218921821098775,7.356663001701236,8.058986614923924,11.064116794150323,1.1160001089203204,16.359099193138572,2313.272984197874,0.9831,0.97206,0.943894,16,16,10000,2025-02-27 00:48:51,python run_baselines.py --result_path ./results/ --dbname SIFT1M --skew default --store --target_queries 0 --nruns 3 --seed 42 --nthreads 16 --runid 250227_rerun_baselines --run_desc None --index_name BruteForce IVFFlat --topK 100 --niter 10 --nprobe 1 2 4 8 16 20 32 48 64 80 128 256 512 1024 --nlist 1000 5000 10000 16000 --batch_size None
SIFT1M,128,default,42,3,IVFFlat,1000,48,10,1.6150445060047787,3.8680638239893597,5.483108329994138,6.128538932098309,11.611647262092447,8.383456995943561,8.887033996870741,9.603104001143947,9.805662291357294,10.435674019390717,11.3478240033146,15.044212018838149,1.3412062445540744,13.677875136860598,1660.7980671764724,0.9933,0.98668,0.970643,16,16,10000,2025-02-27 00:49:11,python run_baselines.py --result_path ./results/ --dbname SIFT1M --skew default --store --target_queries 0 --nruns 3 --seed 42 --nthreads 16 --runid 250227_rerun_baselines --run_desc None --index_name BruteForce IVFFlat --topK 100 --niter 10 --nprobe 1 2 4 8 16 20 32 48 64 80 128 256 512 1024 --nlist 1000 5000 10000 16000 --batch_size None
SIFT1M,128,default,42,3,IVFFlat,1000,64,10,1.6150445060047787,3.8680638239893597,5.483108329994138,9.239958525489783,14.723066855483921,13.064297602977604,13.75125302001834,14.528731000609696,14.783933640783653,15.396557981148362,16.615244012791663,20.66358320065774,1.7111038085595482,11.574076630317231,1113.5006921777917,0.997,0.99299,0.982894,16,16,10000,2025-02-27 00:49:39,python run_baselines.py --result_path ./results/ --dbname SIFT1M --skew default --store --target_queries 0 --nruns 3 --seed 42 --nthreads 16 --runid 250227_rerun_baselines --run_desc None --index_name BruteForce IVFFlat --topK 100 --niter 10 --nprobe 1 2 4 8 16 20 32 48 64 80 128 256 512 1024 --nlist 1000 5000 10000 16000 --batch_size None
SIFT1M,128,default,42,3,IVFFlat,1000,80,10,1.6150445060047787,3.8680638239893597,5.483108329994138,11.2130363266333,16.69614465662744,16.059677983867005,16.938087006565183,17.86124601494521,17.94085812261328,18.842194986063987,19.747393002035096,22.97366195707582,1.5369970783354665,8.56702097430993,891.8191031137493,0.9989,0.99617,0.98943,16,16,10000,2025-02-27 00:50:14,python run_baselines.py --result_path ./results/ --dbname SIFT1M --skew default --store --target_queries 0 --nruns 3 --seed 42 --nthreads 16 --runid 250227_rerun_baselines --run_desc None --index_name BruteForce IVFFlat --topK 100 --niter 10 --nprobe 1 2 4 8 16 20 32 48 64 80 128 256 512 1024 --nlist 1000 5000 10000 16000 --batch_size None
SIFT1M,128,default,42,3,IVFFlat,1000,128,10,1.6150445060047787,3.8680638239893597,5.483108329994138,17.657472313934704,23.140580643928843,26.113991590682417,26.963144016917795,28.16219799569808,28.251955702295525,29.19174000271596,30.36052899551578,34.59907964919692,1.862464714859443,6.592339073744598,566.154129230795,0.9997,0.999,0.996937,16,16,10000,2025-02-27 00:51:09,python run_baselines.py --result_path ./results/ --dbname SIFT1M --skew default --store --target_queries 0 --nruns 3 --seed 42 --nthreads 16 --runid 250227_rerun_baselines --run_desc None --index_name BruteForce IVFFlat --topK 100 --niter 10 --nprobe 1 2 4 8 16 20 32 48 64 80 128 256 512 1024 --nlist 1000 5000 10000 16000 --batch_size None
SIFT1M,128,default,42,3,IVFFlat,1000,256,10,1.6150445060047787,3.8680638239893597,5.483108329994138,32.94928466377314,38.43239299376728,48.753615003079176,50.679878011578694,52.92954499600455,52.71885546203703,54.794739990029484,56.36794558377005,58.470720392651856,2.8915795607172763,5.484905799594815,297.1688003097478,1.0,0.99988,0.999694,16,16,10000,2025-02-27 00:52:52,python run_baselines.py --result_path ./results/ --dbname SIFT1M --skew default --store --target_queries 0 --nruns 3 --seed 42 --nthreads 16 --runid 250227_rerun_baselines --run_desc None --index_name BruteForce IVFFlat --topK 100 --niter 10 --nprobe 1 2 4 8 16 20 32 48 64 80 128 256 512 1024 --nlist 1000 5000 10000 16000 --batch_size None
SIFT1M,128,default,42,3,IVFFlat,1000,512,10,1.6150445060047787,3.8680638239893597,5.483108329994138,56.407541511871386,61.890649841865525,86.7518370039761,88.45243000541814,90.16811798210256,90.25206641899422,92.11892800522037,93.7456130166538,97.57988939178176,2.8138842251453764,3.117805870595749,177.28125941981403,1.0,0.99993,0.999962,16,16,10000,2025-02-27 00:55:46,python run_baselines.py --result_path ./results/ --dbname SIFT1M --skew default --store --target_queries 0 --nruns 3 --seed 42 --nthreads 16 --runid 250227_rerun_baselines --run_desc None --index_name BruteForce IVFFlat --topK 100 --niter 10 --nprobe 1 2 4 8 16 20 32 48 64 80 128 256 512 1024 --nlist 1000 5000 10000 16000 --batch_size None
SIFT1M,128,default,42,3,IVFFlat,5000,1,10,6.5439073919842485,61.05434411900933,67.59825151099358,0.15440015381318517,67.75265166480676,0.20178199047222733,0.20581998978741467,0.21359999664127827,0.24704024610109626,0.30814899946562946,0.3395260137040168,0.3787549445405602,0.07249829625243251,29.34675519338822,66960.73589261634,0.3444,0.28188,0.193702,16,16,10000,2025-02-27 00:56:55,python run_baselines.py --result_path ./results/ --dbname SIFT1M --skew default --store --target_queries 0 --nruns 3 --seed 42 --nthreads 16 --runid 250227_rerun_baselines --run_desc None --index_name BruteForce IVFFlat --topK 100 --niter 10 --nprobe 1 2 4 8 16 20 32 48 64 80 128 256 512 1024 --nlist 1000 5000 10000 16000 --batch_size None
SIFT1M,128,default,42,3,IVFFlat,5000,2,10,6.5439073919842485,61.05434411900933,67.59825151099358,0.1707480950281024,67.76899960602168,0.23750001564621925,0.24558999575674534,0.2570600190665573,0.27319695204496386,0.27491000946611166,0.3392776008695364,0.4114499851129949,0.07385860423740837,27.034929813291775,59325.18078891269,0.4935,0.41793,0.304472,16,16,10000,2025-02-27 00:56:57,python run_baselines.py --result_path ./results/ --dbname SIFT1M --skew default --store --target_queries 0 --nruns 3 --seed 42 --nthreads 16 --runid 250227_rerun_baselines --run_desc None --index_name BruteForce IVFFlat --topK 100 --niter 10 --nprobe 1 2 4 8 16 20 32 48 64 80 128 256 512 1024 --nlist 1000 5000 10000 16000 --batch_size None
SIFT1M,128,default,42,3,IVFFlat,5000,4,10,6.5439073919842485,61.05434411900933,67.59825151099358,0.22244137577945367,67.82069288677303,0.3066440054681152,0.32264000037685037,0.3452989913057536,0.35590620124712585,0.37856900598853827,0.4096569959074259,0.4953901690896599,0.06401625949185888,17.986834527620037,44955.6651273134,0.6446,0.56394,0.438529,16,16,10000,2025-02-27 00:57:00,python run_baselines.py --result_path ./results/ --dbname SIFT1M --skew default --store --target_queries 0 --nruns 3 --seed 42 --nthreads 16 --runid 250227_rerun_baselines --run_desc None --index_name BruteForce IVFFlat --topK 100 --niter 10 --nprobe 1 2 4 8 16 20 32 48 64 80 128 256 512 1024 --nlist 1000 5000 10000 16000 --batch_size None
SIFT1M,128,default,42,3,IVFFlat,5000,8,10,6.5439073919842485,61.05434411900933,67.59825151099358,0.3182863899273798,67.91653790092096,0.43625899706967175,0.46517999726347625,0.5019590025767684,0.5092582238838077,0.5436990177258849,0.5886700004339218,0.676085395971313,0.0684252609876886,13.436260383946298,31249.319865561156,0.7787,0.70152,0.582177,16,16,10000,2025-02-27 00:57:02,python run_baselines.py --result_path ./results/ --dbname SIFT1M --skew default --store --target_queries 0 --nruns 3 --seed 42 --nthreads 16 --runid 250227_rerun_baselines --run_desc None --index_name BruteForce IVFFlat --topK 100 --niter 10 --nprobe 1 2 4 8 16 20 32 48 64 80 128 256 512 1024 --nlist 1000 5000 10000 16000 --batch_size None
SIFT1M,128,default,42,3,IVFFlat,5000,16,10,6.5439073919842485,61.05434411900933,67.59825151099358,0.5274846098618582,68.12573612085544,0.7050814048852772,0.7507989939767867,0.8275390136986971,0.8439753757789731,0.9148389799520373,1.008667005226016,1.2144043960142878,0.12300978380439237,14.575044170080991,18957.89907997293,0.8785,0.81991,0.718871,16,16,10000,2025-02-27 00:57:05,python run_baselines.py --result_path ./results/ --dbname SIFT1M --skew default --store --target_queries 0 --nruns 3 --seed 42 --nthreads 16 --runid 250227_rerun_baselines --run_desc None --index_name BruteForce IVFFlat --topK 100 --niter 10 --nprobe 1 2 4 8 16 20 32 48 64 80 128 256 512 1024 --nlist 1000 5000 10000 16000 --batch_size None
SIFT1M,128,default,42,3,IVFFlat,5000,20,10,6.5439073919842485,61.05434411900933,67.59825151099358,0.6358324905158952,68.23408400150947,0.8483575948048383,0.9004890162032098,0.9907089988701046,1.0173319848254323,1.1068489984609187,1.2155229924246669,1.5160795836709438,0.1594520322865675,15.673549506450293,15727.412721369907,0.9069,0.85216,0.759375,16,16,10000,2025-02-27 00:57:09,python run_baselines.py --result_path ./results/ --dbname SIFT1M --skew default --store --target_queries 0 --nruns 3 --seed 42 --nthreads 16 --runid 250227_rerun_baselines --run_desc None --index_name BruteForce IVFFlat --topK 100 --niter 10 --nprobe 1 2 4 8 16 20 32 48 64 80 128 256 512 1024 --nlist 1000 5000 10000 16000 --batch_size None
SIFT1M,128,default,42,3,IVFFlat,5000,32,10,6.5439073919842485,61.05434411900933,67.59825151099358,0.9476955403515603,68.54594705134514,1.2329464021604508,1.3377689756453037,1.4570390048902482,1.5163128645624966,1.6335179971065372,1.8032279971521348,2.2320609795860946,0.3898355497691084,25.709440240196606,10393.08001063538,0.9476,0.90752,0.834742,16,16,10000,2025-02-27 00:57:13,python run_baselines.py --result_path ./results/ --dbname SIFT1M --skew default --store --target_queries 0 --nruns 3 --seed 42 --nthreads 16 --runid 250227_rerun_baselines --run_desc None --index_name BruteForce IVFFlat --topK 100 --niter 10 --nprobe 1 2 4 8 16 20 32 48 64 80 128 256 512 1024 --nlist 1000 5000 10000 16000 --batch_size None
SIFT1M,128,default,42,3,IVFFlat,5000,48,10,6.5439073919842485,61.05434411900933,67.59825151099358,1.3890670003311243,68.9873185113247,1.835835789097473,1.956217980477959,2.1414369984995574,2.2225072005297988,2.348167006857693,2.625378995435313,3.8770519907120597,0.4995261437455125,22.4757941673456,7533.128033599357,0.9699,0.94286,0.888305,16,16,10000,2025-02-27 00:57:19,python run_baselines.py --result_path ./results/ --dbname SIFT1M --skew default --store --target_queries 0 --nruns 3 --seed 42 --nthreads 16 --runid 250227_rerun_baselines --run_desc None --index_name BruteForce IVFFlat --topK 100 --niter 10 --nprobe 1 2 4 8 16 20 32 48 64 80 128 256 512 1024 --nlist 1000 5000 10000 16000 --batch_size None
SIFT1M,128,default,42,3,IVFFlat,5000,64,10,6.5439073919842485,61.05434411900933,67.59825151099358,1.988507011323236,69.58675852231681,2.6461146131623536,2.8566260007210076,3.1275060027837753,3.1816112181171774,3.4178359783254564,3.7475459917914127,4.66846443596296,0.4667653935816129,14.67072378057042,5141.203182319223,0.981,0.96156,0.918666,16,16,10000,2025-02-27 00:57:26,python run_baselines.py --result_path ./results/ --dbname SIFT1M --skew default --store --target_queries 0 --nruns 3 --seed 42 --nthreads 16 --runid 250227_rerun_baselines --run_desc None --index_name BruteForce IVFFlat --topK 100 --niter 10 --nprobe 1 2 4 8 16 20 32 48 64 80 128 256 512 1024 --nlist 1000 5000 10000 16000 --batch_size None
SIFT1M,128,default,42,3,IVFFlat,5000,80,10,6.5439073919842485,61.05434411900933,67.59825151099358,2.4142140359035693,70.01246554689715,3.2813305966556072,3.5277249990031123,3.816836018813774,3.862742457445711,4.130585002712905,4.549280996434391,5.359358225250616,0.5164465381939314,13.369944900117375,4123.132174522538,0.9872,0.972,0.938103,16,16,10000,2025-02-27 00:57:35,python run_baselines.py --result_path ./results/ --dbname SIFT1M --skew default --store --target_queries 0 --nruns 3 --seed 42 --nthreads 16 --runid 250227_rerun_baselines --run_desc None --index_name BruteForce IVFFlat --topK 100 --niter 10 --nprobe 1 2 4 8 16 20 32 48 64 80 128 256 512 1024 --nlist 1000 5000 10000 16000 --batch_size None
SIFT1M,128,default,42,3,IVFFlat,5000,128,10,6.5439073919842485,61.05434411900933,67.59825151099358,3.701045762805734,71.29929727379931,5.094843998085707,5.374725005822256,5.812654009787366,5.921673220489174,6.345133006107062,6.882591999601573,8.119660599622875,0.758150562849222,12.80297872949148,2743.1839911390275,0.9946,0.98723,0.968496,16,16,10000,2025-02-27 00:57:47,python run_baselines.py --result_path ./results/ --dbname SIFT1M --skew default --store --target_queries 0 --nruns 3 --seed 42 --nthreads 16 --runid 250227_rerun_baselines --run_desc None --index_name BruteForce IVFFlat --topK 100 --niter 10 --nprobe 1 2 4 8 16 20 32 48 64 80 128 256 512 1024 --nlist 1000 5000 10000 16000 --batch_size None
SIFT1M,128,default,42,3,IVFFlat,5000,256,10,6.5439073919842485,61.05434411900933,67.59825151099358,6.947511491103796,74.54576300209737,9.881140996003523,10.386198991909623,11.059227981604636,11.116018385766074,11.6814759967383,12.45660400018096,13.865761834895238,1.0105646628971274,9.09106685349804,1441.7805815002814,0.9994,0.99733,0.99137,16,16,10000,2025-02-27 00:58:10,python run_baselines.py --result_path ./results/ --dbname SIFT1M --skew default --store --target_queries 0 --nruns 3 --seed 42 --nthreads 16 --runid 250227_rerun_baselines --run_desc None --index_name BruteForce IVFFlat --topK 100 --niter 10 --nprobe 1 2 4 8 16 20 32 48 64 80 128 256 512 1024 --nlist 1000 5000 10000 16000 --batch_size None
SIFT1M,128,default,42,3,IVFFlat,5000,512,10,6.5439073919842485,61.05434411900933,67.59825151099358,13.587640486221062,81.18589199721464,19.930828001815826,20.751966978423297,21.681725018424913,21.7402247779537,22.624175006058067,23.627257614862177,25.133655766258016,1.4064650975017057,6.469413779603475,737.9356907859283,1.0,0.99956,0.998521,16,16,10000,2025-02-27 00:58:52,python run_baselines.py --result_path ./results/ --dbname SIFT1M --skew default --store --target_queries 0 --nruns 3 --seed 42 --nthreads 16 --runid 250227_rerun_baselines --run_desc None --index_name BruteForce IVFFlat --topK 100 --niter 10 --nprobe 1 2 4 8 16 20 32 48 64 80 128 256 512 1024 --nlist 1000 5000 10000 16000 --batch_size None
SIFT1M,128,default,42,3,IVFFlat,5000,1024,10,6.5439073919842485,61.05434411900933,67.59825151099358,27.95345950315823,95.5517110141518,42.086051002843305,43.38658100459725,44.83010899275541,44.72553520505316,46.02208701544441,47.18914100085385,49.23036960186437,1.9727372741306497,4.410762811638231,359.184852977493,1.0,0.99991,0.999853,16,16,10000,2025-02-27 01:00:17,python run_baselines.py --result_path ./results/ --dbname SIFT1M --skew default --store --target_queries 0 --nruns 3 --seed 42 --nthreads 16 --runid 250227_rerun_baselines --run_desc None --index_name BruteForce IVFFlat --topK 100 --niter 10 --nprobe 1 2 4 8 16 20 32 48 64 80 128 256 512 1024 --nlist 1000 5000 10000 16000 --batch_size None
SIFT1M,128,default,42,3,IVFFlat,10000,1,10,12.961501932993997,129.73160838198964,142.69311031498364,0.25052590589621104,142.94363622087985,0.3261179896071553,0.3295099886599928,0.33839899697341025,0.4008414494339377,0.42542998562566936,0.590669410303235,0.6311701703816652,0.11342835004477124,28.29756009638052,40960.091499227834,0.3155,0.24486,0.152388,16,16,10000,2025-02-27 01:02:41,python run_baselines.py --result_path ./results/ --dbname SIFT1M --skew default --store --target_queries 0 --nruns 3 --seed 42 --nthreads 16 --runid 250227_rerun_baselines --run_desc None --index_name BruteForce IVFFlat --topK 100 --niter 10 --nprobe 1 2 4 8 16 20 32 48 64 80 128 256 512 1024 --nlist 1000 5000 10000 16000 --batch_size None
SIFT1M,128,default,42,3,IVFFlat,10000,2,10,12.961501932993997,129.73160838198964,142.69311031498364,0.24623540180618875,142.93934571678983,0.33696559839881957,0.342379993526265,0.34933999995701015,0.393976642889902,0.37155000609345734,0.6025434006005526,0.6562409456819295,0.09911326930308123,25.15714347329437,42301.55525960752,0.4539,0.36964,0.24744,16,16,10000,2025-02-27 01:02:44,python run_baselines.py --result_path ./results/ --dbname SIFT1M --skew default --store --target_queries 0 --nruns 3 --seed 42 --nthreads 16 --runid 250227_rerun_baselines --run_desc None --index_name BruteForce IVFFlat --topK 100 --niter 10 --nprobe 1 2 4 8 16 20 32 48 64 80 128 256 512 1024 --nlist 1000 5000 10000 16000 --batch_size None
SIFT1M,128,default,42,3,IVFFlat,10000,4,10,12.961501932993997,129.73160838198964,142.69311031498364,0.2611024212965276,142.95421273628017,0.3757393918931484,0.38224001764319837,0.39269900298677385,0.41776387407444415,0.4080900107510388,0.4568373959045858,0.6930410000495612,0.0889026541279502,21.28059883706173,40516.151805128815,0.5946,0.50908,0.367833,16,16,10000,2025-02-27 01:02:46,python run_baselines.py --result_path ./results/ --dbname SIFT1M --skew default --store --target_queries 0 --nruns 3 --seed 42 --nthreads 16 --runid 250227_rerun_baselines --run_desc None --index_name BruteForce IVFFlat --topK 100 --niter 10 --nprobe 1 2 4 8 16 20 32 48 64 80 128 256 512 1024 --nlist 1000 5000 10000 16000 --batch_size None
SIFT1M,128,default,42,3,IVFFlat,10000,8,10,12.961501932993997,129.73160838198964,142.69311031498364,0.3031483451195527,142.9962586601032,0.4304210015106946,0.45151900849305093,0.4766490019392222,0.4850373521912843,0.4999189986847341,0.526763399830088,0.7566910039167851,0.0625446118323192,12.894803163046598,32987.150221969045,0.7354,0.6501,0.506349,16,16,10000,2025-02-27 01:02:48,python run_baselines.py --result_path ./results/ --dbname SIFT1M --skew default --store --target_queries 0 --nruns 3 --seed 42 --nthreads 16 --runid 250227_rerun_baselines --run_desc None --index_name BruteForce IVFFlat --topK 100 --niter 10 --nprobe 1 2 4 8 16 20 32 48 64 80 128 256 512 1024 --nlist 1000 5000 10000 16000 --batch_size None
SIFT1M,128,default,42,3,IVFFlat,10000,16,10,12.961501932993997,129.73160838198964,142.69311031498364,0.39700022191391326,143.09011053689755,0.561455002753064,0.5900300166103989,0.6247999845072627,0.6352003550622612,0.6688699941150844,0.7134750194381922,0.8465050195809454,0.07583321467975972,11.938471708241831,25188.90279655418,0.8458,0.77302,0.644718,16,16,10000,2025-02-27 01:02:51,python run_baselines.py --result_path ./results/ --dbname SIFT1M --skew default --store --target_queries 0 --nruns 3 --seed 42 --nthreads 16 --runid 250227_rerun_baselines --run_desc None --index_name BruteForce IVFFlat --topK 100 --niter 10 --nprobe 1 2 4 8 16 20 32 48 64 80 128 256 512 1024 --nlist 1000 5000 10000 16000 --batch_size None
SIFT1M,128,default,42,3,IVFFlat,10000,20,10,12.961501932993997,129.73160838198964,142.69311031498364,0.4971035427006427,143.19021385768428,0.6915775942616165,0.7289890199899673,0.7782200118526816,0.7953656683210284,0.8422189857810736,0.907663005637005,1.099516759859398,0.09837286713132821,12.368256645900713,20278.73506392361,0.8744,0.80793,0.687536,16,16,10000,2025-02-27 01:02:54,python run_baselines.py --result_path ./results/ --dbname SIFT1M --skew default --store --target_queries 0 --nruns 3 --seed 42 --nthreads 16 --runid 250227_rerun_baselines --run_desc None --index_name BruteForce IVFFlat --topK 100 --niter 10 --nprobe 1 2 4 8 16 20 32 48 64 80 128 256 512 1024 --nlist 1000 5000 10000 16000 --batch_size None
SIFT1M,128,default,42,3,IVFFlat,10000,32,10,12.961501932993997,129.73160838198964,142.69311031498364,0.6075699558714405,143.30068027085508,0.8406770008150488,0.8902489789761603,0.9530590032227337,0.9721119293943048,1.0295390093233436,1.1025543964933604,1.3828162220306692,0.11729521910363314,12.06601992598902,16500.067842543198,0.9218,0.87046,0.770719,16,16,10000,2025-02-27 01:02:57,python run_baselines.py --result_path ./results/ --dbname SIFT1M --skew default --store --target_queries 0 --nruns 3 --seed 42 --nthreads 16 --runid 250227_rerun_baselines --run_desc None --index_name BruteForce IVFFlat --topK 100 --niter 10 --nprobe 1 2 4 8 16 20 32 48 64 80 128 256 512 1024 --nlist 1000 5000 10000 16000 --batch_size None
SIFT1M,128,default,42,3,IVFFlat,10000,48,10,12.961501932993997,129.73160838198964,142.69311031498364,0.8063528907077853,143.49946320569143,1.1228323972318321,1.182389009045437,1.2697379861492664,1.2901646251324563,1.3682089920621365,1.4818469993770123,1.7916766472626477,0.1554609753266211,12.049700658213327,12401.51813832079,0.9503,0.9135,0.833273,16,16,10000,2025-02-27 01:03:01,python run_baselines.py --result_path ./results/ --dbname SIFT1M --skew default --store --target_queries 0 --nruns 3 --seed 42 --nthreads 16 --runid 250227_rerun_baselines --run_desc None --index_name BruteForce IVFFlat --topK 100 --niter 10 --nprobe 1 2 4 8 16 20 32 48 64 80 128 256 512 1024 --nlist 1000 5000 10000 16000 --batch_size None
SIFT1M,128,default,42,3,IVFFlat,10000,64,10,12.961501932993997,129.73160838198964,142.69311031498364,1.0115353333821986,143.70464564836584,1.3762850023340434,1.46659801248461,1.57267801114358,1.6184565334115177,1.7160780262202024,1.840112014906481,2.2053496341686696,0.4539107156695222,28.045900912317446,9925.382709184441,0.9651,0.93702,0.871597,16,16,10000,2025-02-27 01:03:05,python run_baselines.py --result_path ./results/ --dbname SIFT1M --skew default --store --target_queries 0 --nruns 3 --seed 42 --nthreads 16 --runid 250227_rerun_baselines --run_desc None --index_name BruteForce IVFFlat --topK 100 --niter 10 --nprobe 1 2 4 8 16 20 32 48 64 80 128 256 512 1024 --nlist 1000 5000 10000 16000 --batch_size None
SIFT1M,128,default,42,3,IVFFlat,10000,80,10,12.961501932993997,129.73160838198964,142.69311031498364,1.2015272388525773,143.89463755383622,1.6409776057116687,1.7537690000608563,1.9008579838555306,1.9224435821641237,2.044388005742803,2.2339156013913453,2.694926197873428,0.24452143824114334,12.7193037293652,8313.780618475499,0.9746,0.95231,0.897641,16,16,10000,2025-02-27 01:03:11,python run_baselines.py --result_path ./results/ --dbname SIFT1M --skew default --store --target_queries 0 --nruns 3 --seed 42 --nthreads 16 --runid 250227_rerun_baselines --run_desc None --index_name BruteForce IVFFlat --topK 100 --niter 10 --nprobe 1 2 4 8 16 20 32 48 64 80 128 256 512 1024 --nlist 1000 5000 10000 16000 --batch_size None
SIFT1M,128,default,42,3,IVFFlat,10000,128,10,12.961501932993997,129.73160838198964,142.69311031498364,1.79266960429959,144.48577991928323,2.4278314143884927,2.5887670053634793,2.8327170002739877,2.868271366879344,3.072675986913964,3.311786596896127,3.8837140053510666,0.37176617448630034,12.96133199874944,5548.533958447482,0.9887,0.97535,0.941036,16,16,10000,2025-02-27 01:03:17,python run_baselines.py --result_path ./results/ --dbname SIFT1M --skew default --store --target_queries 0 --nruns 3 --seed 42 --nthreads 16 --runid 250227_rerun_baselines --run_desc None --index_name BruteForce IVFFlat --topK 100 --niter 10 --nprobe 1 2 4 8 16 20 32 48 64 80 128 256 512 1024 --nlist 1000 5000 10000 16000 --batch_size None
SIFT1M,128,default,42,3,IVFFlat,10000,256,10,12.961501932993997,129.73160838198964,142.69311031498364,3.266470903356094,145.95958121833974,4.545646999031305,4.790884995600209,5.16732400865294,5.22635344536975,5.560513993259519,6.0464840033091605,6.885973395546898,0.5953683252674136,11.391658285087393,3077.28421963008,0.9959,0.99259,0.978846,16,16,10000,2025-02-27 01:03:29,python run_baselines.py --result_path ./results/ --dbname SIFT1M --skew default --store --target_queries 0 --nruns 3 --seed 42 --nthreads 16 --runid 250227_rerun_baselines --run_desc None --index_name BruteForce IVFFlat --topK 100 --niter 10 --nprobe 1 2 4 8 16 20 32 48 64 80 128 256 512 1024 --nlist 1000 5000 10000 16000 --batch_size None
SIFT1M,128,default,42,3,IVFFlat,10000,512,10,12.961501932993997,129.73160838198964,142.69311031498364,6.209751216665609,148.90286153164925,8.833919989410788,9.265619999496266,9.797709004487842,9.935601946664974,10.404558997834101,11.180969007546082,13.052433640696107,0.997200953249224,10.036643563241265,1623.87663240826,0.9997,0.99859,0.994781,16,16,10000,2025-02-27 01:03:49,python run_baselines.py --result_path ./results/ --dbname SIFT1M --skew default --store --target_queries 0 --nruns 3 --seed 42 --nthreads 16 --runid 250227_rerun_baselines --run_desc None --index_name BruteForce IVFFlat --topK 100 --niter 10 --nprobe 1 2 4 8 16 20 32 48 64 80 128 256 512 1024 --nlist 1000 5000 10000 16000 --batch_size None
SIFT1M,128,default,42,3,IVFFlat,10000,1024,10,12.961501932993997,129.73160838198964,142.69311031498364,11.658194794523297,154.35130510950694,17.25051859393716,17.879508988698944,18.553267989773303,18.653111671237276,19.272009027190506,20.211477007251233,21.578104597283527,1.1628968677091964,6.234331773729528,848.5668323496344,1.0,0.99976,0.999226,16,16,10000,2025-02-27 01:04:26,python run_baselines.py --result_path ./results/ --dbname SIFT1M --skew default --store --target_queries 0 --nruns 3 --seed 42 --nthreads 16 --runid 250227_rerun_baselines --run_desc None --index_name BruteForce IVFFlat --topK 100 --niter 10 --nprobe 1 2 4 8 16 20 32 48 64 80 128 256 512 1024 --nlist 1000 5000 10000 16000 --batch_size None
SIFT1M,128,default,42,3,IVFFlat,16000,1,10,18.28382982299081,180.17766671298887,198.46149653597968,0.34178090761997737,198.80327744359965,0.4843614064157009,0.4874599981121719,0.49240002408623695,0.5468494521919638,0.5578389973379672,0.7180309854447843,0.948195403907448,0.12275553695855047,22.447775428228624,29258.509697443063,0.296,0.22175,0.128379,16,16,10000,2025-02-27 01:07:46,python run_baselines.py --result_path ./results/ --dbname SIFT1M --skew default --store --target_queries 0 --nruns 3 --seed 42 --nthreads 16 --runid 250227_rerun_baselines --run_desc None --index_name BruteForce IVFFlat --topK 100 --niter 10 --nprobe 1 2 4 8 16 20 32 48 64 80 128 256 512 1024 --nlist 1000 5000 10000 16000 --batch_size None
SIFT1M,128,default,42,3,IVFFlat,16000,2,10,18.28382982299081,180.17766671298887,198.46149653597968,0.33720428016385995,198.79870081614354,0.4885055997874588,0.49231998855248094,0.497069995617494,0.5395268482621759,0.5088199977762997,0.579198997002095,0.9690263622906059,0.11991018731166271,22.22506399781498,28837.629407334738,0.4297,0.33623,0.210968,16,16,10000,2025-02-27 01:07:49,python run_baselines.py --result_path ./results/ --dbname SIFT1M --skew default --store --target_queries 0 --nruns 3 --seed 42 --nthreads 16 --runid 250227_rerun_baselines --run_desc None --index_name BruteForce IVFFlat --topK 100 --niter 10 --nprobe 1 2 4 8 16 20 32 48 64 80 128 256 512 1024 --nlist 1000 5000 10000 16000 --batch_size None
SIFT1M,128,default,42,3,IVFFlat,16000,4,10,18.28382982299081,180.17766671298887,198.46149653597968,0.3395365312753711,198.80103306725505,0.50411939737387,0.5158589920029044,0.5258200108073652,0.5432584500405937,0.5364299868233502,0.5518989870324731,1.0100233997218306,0.08979515870994237,16.528994386232306,29451.91188246485,0.5733,0.47068,0.322307,16,16,10000,2025-02-27 01:07:51,python run_baselines.py --result_path ./results/ --dbname SIFT1M --skew default --store --target_queries 0 --nruns 3 --seed 42 --nthreads 16 --runid 250227_rerun_baselines --run_desc None --index_name BruteForce IVFFlat --topK 100 --niter 10 --nprobe 1 2 4 8 16 20 32 48 64 80 128 256 512 1024 --nlist 1000 5000 10000 16000 --batch_size None
SIFT1M,128,default,42,3,IVFFlat,16000,8,10,18.28382982299081,180.17766671298887,198.46149653597968,0.37819279430550523,198.83968933028518,0.5627493897918612,0.5725689989048988,0.5847889988217503,0.6051084708888084,0.6019400025252253,0.6210775871295482,1.0536434117238969,0.09074556475345166,14.99657815402267,26742.02817908803,0.7098,0.60988,0.453755,16,16,10000,2025-02-27 01:07:54,python run_baselines.py --result_path ./results/ --dbname SIFT1M --skew default --store --target_queries 0 --nruns 3 --seed 42 --nthreads 16 --runid 250227_rerun_baselines --run_desc None --index_name BruteForce IVFFlat --topK 100 --niter 10 --nprobe 1 2 4 8 16 20 32 48 64 80 128 256 512 1024 --nlist 1000 5000 10000 16000 --batch_size None
SIFT1M,128,default,42,3,IVFFlat,16000,16,10,18.28382982299081,180.17766671298887,198.46149653597968,0.4334181738086045,198.89491470978828,0.635602994589135,0.6584190123248845,0.6821989954914898,0.6934690780937671,0.7087190169841051,0.7343969831708819,1.1278134083840996,0.07950857288082623,11.465337877700657,22868.194276657887,0.8198,0.73786,0.592959,16,16,10000,2025-02-27 01:07:57,python run_baselines.py --result_path ./results/ --dbname SIFT1M --skew default --store --target_queries 0 --nruns 3 --seed 42 --nthreads 16 --runid 250227_rerun_baselines --run_desc None --index_name BruteForce IVFFlat --topK 100 --niter 10 --nprobe 1 2 4 8 16 20 32 48 64 80 128 256 512 1024 --nlist 1000 5000 10000 16000 --batch_size None
SIFT1M,128,default,42,3,IVFFlat,16000,20,10,18.28382982299081,180.17766671298887,198.46149653597968,0.4655851253774017,198.92708166135708,0.6776976108085364,0.7043390069156885,0.7348399958573282,0.7449362006038427,0.7694489904679358,0.8003249939065427,1.1522726132534442,0.08099613315305558,10.872895301288942,21521.35931541928,0.8487,0.77407,0.636639,16,16,10000,2025-02-27 01:08:00,python run_baselines.py --result_path ./results/ --dbname SIFT1M --skew default --store --target_queries 0 --nruns 3 --seed 42 --nthreads 16 --runid 250227_rerun_baselines --run_desc None --index_name BruteForce IVFFlat --topK 100 --niter 10 --nprobe 1 2 4 8 16 20 32 48 64 80 128 256 512 1024 --nlist 1000 5000 10000 16000 --batch_size None
SIFT1M,128,default,42,3,IVFFlat,16000,32,10,18.28382982299081,180.17766671298887,198.46149653597968,0.5501873265602626,199.01168386253994,0.7975030108354986,0.8274890133179724,0.8691190159879625,0.8802997224964202,0.9132690029218793,0.9538804122712463,1.2932261964306233,0.08873609833226728,10.080214279816285,18030.618363918325,0.8978,0.84061,0.724743,16,16,10000,2025-02-27 01:08:03,python run_baselines.py --result_path ./results/ --dbname SIFT1M --skew default --store --target_queries 0 --nruns 3 --seed 42 --nthreads 16 --runid 250227_rerun_baselines --run_desc None --index_name BruteForce IVFFlat --topK 100 --niter 10 --nprobe 1 2 4 8 16 20 32 48 64 80 128 256 512 1024 --nlist 1000 5000 10000 16000 --batch_size None
SIFT1M,128,default,42,3,IVFFlat,16000,48,10,18.28382982299081,180.17766671298887,198.46149653597968,0.6940622727270238,199.1555588087067,0.994747004006058,1.0451590060256422,1.1017789947800338,1.110499636363238,1.1593480012379587,1.2273906031623483,1.375522984890267,0.10018616260351222,9.021719532625035,14646.72105883383,0.9331,0.88922,0.792382,16,16,10000,2025-02-27 01:08:06,python run_baselines.py --result_path ./results/ --dbname SIFT1M --skew default --store --target_queries 0 --nruns 3 --seed 42 --nthreads 16 --runid 250227_rerun_baselines --run_desc None --index_name BruteForce IVFFlat --topK 100 --niter 10 --nprobe 1 2 4 8 16 20 32 48 64 80 128 256 512 1024 --nlist 1000 5000 10000 16000 --batch_size None
SIFT1M,128,default,42,3,IVFFlat,16000,64,10,18.28382982299081,180.17766671298887,198.46149653597968,0.8179810378642287,199.2794775738439,1.1611103953327984,1.2239390052855015,1.2940889864694327,1.308769660582766,1.3760690053459257,1.4491760113742203,1.6092499438673256,0.1827130440343232,13.960672342676798,12225.22226934536,0.9553,0.91666,0.834827,16,16,10000,2025-02-27 01:08:10,python run_baselines.py --result_path ./results/ --dbname SIFT1M --skew default --store --target_queries 0 --nruns 3 --seed 42 --nthreads 16 --runid 250227_rerun_baselines --run_desc None --index_name BruteForce IVFFlat --topK 100 --niter 10 --nprobe 1 2 4 8 16 20 32 48 64 80 128 256 512 1024 --nlist 1000 5000 10000 16000 --batch_size None
SIFT1M,128,default,42,3,IVFFlat,16000,80,10,18.28382982299081,180.17766671298887,198.46149653597968,0.9449721318960655,199.40646866787574,1.3290124072227627,1.4067179872654378,1.5016490069683641,1.5119554110337048,1.6002280171960592,1.6873839835170656,1.948547587962821,0.1471208718961584,9.73050334834767,10606.512931183943,0.9676,0.93514,0.864892,16,16,10000,2025-02-27 01:08:15,python run_baselines.py --result_path ./results/ --dbname SIFT1M --skew default --store --target_queries 0 --nruns 3 --seed 42 --nthreads 16 --runid 250227_rerun_baselines --run_desc None --index_name BruteForce IVFFlat --topK 100 --niter 10 --nprobe 1 2 4 8 16 20 32 48 64 80 128 256 512 1024 --nlist 1000 5000 10000 16000 --batch_size None
SIFT1M,128,default,42,3,IVFFlat,16000,128,10,18.28382982299081,180.17766671298887,198.46149653597968,1.3817290975130163,199.8432256334927,1.92161999293603,2.040598017629236,2.192726999055594,2.2107665560208263,2.3495279892813414,2.51212939620018,2.818437459645793,0.23464446403095693,10.613715111255125,7165.864423686662,0.9848,0.96448,0.916785,16,16,10000,2025-02-27 01:08:20,python run_baselines.py --result_path ./results/ --dbname SIFT1M --skew default --store --target_queries 0 --nruns 3 --seed 42 --nthreads 16 --runid 250227_rerun_baselines --run_desc None --index_name BruteForce IVFFlat --topK 100 --niter 10 --nprobe 1 2 4 8 16 20 32 48 64 80 128 256 512 1024 --nlist 1000 5000 10000 16000 --batch_size None
SIFT1M,128,default,42,3,IVFFlat,16000,256,10,18.28382982299081,180.17766671298887,198.46149653597968,2.328613139834488,200.79010967581416,3.2213205995503813,3.454827005043626,3.6963550082873553,3.7257810237351805,3.9728749834466726,4.243073402903974,4.694642199901864,0.3851718608429562,10.338016603477481,4294.401602797267,0.996,0.98748,0.966201,16,16,10000,2025-02-27 01:08:29,python run_baselines.py --result_path ./results/ --dbname SIFT1M --skew default --store --target_queries 0 --nruns 3 --seed 42 --nthreads 16 --runid 250227_rerun_baselines --run_desc None --index_name BruteForce IVFFlat --topK 100 --niter 10 --nprobe 1 2 4 8 16 20 32 48 64 80 128 256 512 1024 --nlist 1000 5000 10000 16000 --batch_size None
SIFT1M,128,default,42,3,IVFFlat,16000,512,10,18.28382982299081,180.17766671298887,198.46149653597968,4.2378376950800885,202.69933423105977,6.022165005560964,6.346554000629112,6.716411997331306,6.780540312128141,7.1487019886262715,7.557473395718262,8.819917830405757,0.6543332654009592,9.650164076608668,2359.6939570407535,0.9992,0.99724,0.989852,16,16,10000,2025-02-27 01:08:43,python run_baselines.py --result_path ./results/ --dbname SIFT1M --skew default --store --target_queries 0 --nruns 3 --seed 42 --nthreads 16 --runid 250227_rerun_baselines --run_desc None --index_name BruteForce IVFFlat --topK 100 --niter 10 --nprobe 1 2 4 8 16 20 32 48 64 80 128 256 512 1024 --nlist 1000 5000 10000 16000 --batch_size None
SIFT1M,128,default,42,3,IVFFlat,16000,1024,10,18.28382982299081,180.17766671298887,198.46149653597968,7.9197686736879405,206.38126520966762,11.428912996780127,11.91425698925741,12.573805986903608,12.671629877900704,13.305064989253879,13.973493006778881,15.566274601733312,1.0574670925156429,8.345154512126836,1253.9162185389785,0.9998,0.9996,0.998049,16,16,10000,2025-02-27 01:09:09,python run_baselines.py --result_path ./results/ --dbname SIFT1M --skew default --store --target_queries 0 --nruns 3 --seed 42 --nthreads 16 --runid 250227_rerun_baselines --run_desc None --index_name BruteForce IVFFlat --topK 100 --niter 10 --nprobe 1 2 4 8 16 20 32 48 64 80 128 256 512 1024 --nlist 1000 5000 10000 16000 --batch_size None
SIFT1M,128,default,42,3,IVFFlat,100,1,10,0.4226512369932607,0.24478557100519538,0.6674368079984561,1.5411079518671613,2.2085447598656174,1.8170170136727393,2.084018982714042,2.3804289812687784,2.465772722987458,2.710768982069567,3.1442080158740286,4.6680059435311705,0.6526595913327503,26.46876515618224,6460.370572759782,0.6033,0.56283,0.503105,16,16,10000,2025-02-27 13:08:35,python run_baselines.py --result_path ./results/ --dbname SIFT1M --skew default --store --target_queries 0 --nruns 3 --seed 42 --nthreads 16 --runid 250227_rerun_baselines_nlist_100 --run_desc None --index_name IVFFlat --topK 100 --niter 10 --nprobe 1 2 4 8 16 20 32 48 64 80 128 256 512 1024 --nlist 100 --batch_size None
SIFT1M,128,default,42,3,IVFFlat,100,1,10,0.44755611100117676,0.22658172299270518,0.6741378339938819,1.598557752178749,2.272695586172631,1.8622765957843512,2.146307990187779,2.4849880137480795,2.5576924034859987,2.8764280141331255,3.2632160000503063,4.4939470058307025,0.6471562525015194,25.302348774210685,6361.123242315891,0.6033,0.56283,0.503105,16,16,10000,2025-02-27 13:08:51,python run_baselines.py --result_path ./results/ --dbname SIFT1M --skew default --store --target_queries 0 --nruns 3 --seed 42 --nthreads 16 --runid 250227_rerun_baselines_nlist_100 --run_desc None --index_name IVFFlat --topK 100 --niter 10 --nprobe 1 2 4 8 16 20 32 48 64 --nlist 100 --batch_size None
SIFT1M,128,default,42,3,IVFFlat,100,2,10,0.44755611100117676,0.22658172299270518,0.6741378339938819,3.5514953170495573,4.225633151043439,4.10833700443618,4.602366010658443,5.367855977965519,5.682392507279292,6.328126008156687,7.6665650005452335,11.975165463518348,1.5977718116861028,28.117941688106125,2815.7153838816284,0.7788,0.73952,0.680625,16,16,10000,2025-02-27 13:09:03,python run_baselines.py --result_path ./results/ --dbname SIFT1M --skew default --store --target_queries 0 --nruns 3 --seed 42 --nthreads 16 --runid 250227_rerun_baselines_nlist_100 --run_desc None --index_name IVFFlat --topK 100 --niter 10 --nprobe 1 2 4 8 16 20 32 48 64 --nlist 100 --batch_size None
SIFT1M,128,default,42,3,IVFFlat,100,4,10,0.44755611100117676,0.22658172299270518,0.6741378339938819,7.229134588793386,7.903272422787268,8.024416404077783,8.977774006780237,10.473742993781343,11.566615342069417,12.896341999294236,16.724814416375015,24.85657220939174,3.8300123415480547,33.11264556034605,1319.8584143353255,0.9094,0.87886,0.832975,16,16,10000,2025-02-27 13:09:27,python run_baselines.py --result_path ./results/ --dbname SIFT1M --skew default --store --target_queries 0 --nruns 3 --seed 42 --nthreads 16 --runid 250227_rerun_baselines_nlist_100 --run_desc None --index_name IVFFlat --topK 100 --niter 10 --nprobe 1 2 4 8 16 20 32 48 64 --nlist 100 --batch_size None
SIFT1M,128,default,42,3,IVFFlat,100,8,10,0.44755611100117676,0.22658172299270518,0.6741378339938819,12.337194800260477,13.011332634254359,15.316161012742668,16.39162900391966,18.25655801803805,19.73951168041676,21.778775000711903,25.961560395080603,37.12180001544766,4.92367989596458,24.943271017434945,788.3602763485898,0.9744,0.96241,0.937502,16,16,10000,2025-02-27 13:10:06,python run_baselines.py --result_path ./results/ --dbname SIFT1M --skew default --store --target_queries 0 --nruns 3 --seed 42 --nthreads 16 --runid 250227_rerun_baselines_nlist_100 --run_desc None --index_name IVFFlat --topK 100 --niter 10 --nprobe 1 2 4 8 16 20 32 48 64 --nlist 100 --batch_size None
SIFT1M,128,default,42,3,IVFFlat,100,16,10,0.44755611100117676,0.22658172299270518,0.6741378339938819,21.441247609705897,22.11538544369978,29.492391605162993,30.843569024000317,32.93950701481663,34.30599617552944,36.15508502116427,40.523785998811945,55.75323764351195,5.371648370173024,15.658045149566698,461.61536170467394,0.9965,0.99327,0.98553,16,16,10000,2025-02-27 13:11:13,python run_baselines.py --result_path ./results/ --dbname SIFT1M --skew default --store --target_queries 0 --nruns 3 --seed 42 --nthreads 16 --runid 250227_rerun_baselines_nlist_100 --run_desc None --index_name IVFFlat --topK 100 --niter 10 --nprobe 1 2 4 8 16 20 32 48 64 --nlist 100 --batch_size None
SIFT1M,128,default,42,3,IVFFlat,100,20,10,0.44755611100117676,0.22658172299270518,0.6741378339938819,26.493680933024734,27.167818767018616,36.84319759486243,38.59848002321087,41.044668992981315,42.38988949283957,44.9587749899365,50.026835000608116,61.526687394361936,5.537905601195164,13.064213347691359,377.44849518191575,0.9983,0.99653,0.991997,16,16,10000,2025-02-27 13:12:34,python run_baselines.py --result_path ./results/ --dbname SIFT1M --skew default --store --target_queries 0 --nruns 3 --seed 42 --nthreads 16 --runid 250227_rerun_baselines_nlist_100 --run_desc None --index_name IVFFlat --topK 100 --niter 10 --nprobe 1 2 4 8 16 20 32 48 64 --nlist 100 --batch_size None
SIFT1M,128,default,42,3,IVFFlat,100,32,10,0.44755611100117676,0.22658172299270518,0.6741378339938819,39.297350756882224,39.971488590876106,57.40141001297161,59.3100439873524,61.5770629956387,62.87576121101156,64.42488101311028,69.18757201055996,85.1417477906216,5.919046013271714,9.413875711830109,248.52040464353314,0.9996,0.99935,0.998389,16,16,10000,2025-02-27 13:14:35,python run_baselines.py --result_path ./results/ --dbname SIFT1M --skew default --store --target_queries 0 --nruns 3 --seed 42 --nthreads 16 --runid 250227_rerun_baselines_nlist_100 --run_desc None --index_name IVFFlat --topK 100 --niter 10 --nprobe 1 2 4 8 16 20 32 48 64 --nlist 100 --batch_size None
SIFT1M,128,default,42,3,IVFFlat,100,48,10,0.44755611100117676,0.22658172299270518,0.6741378339938819,58.13644198386464,58.810579817858525,86.71122498926707,89.26196000538766,91.74009400885552,93.01830717418343,95.558744011214,100.5161470035091,113.71687967330216,6.273411672589173,6.744276329219538,172.67930185890773,0.9998,0.99985,0.999744,16,16,10000,2025-02-27 13:17:31,python run_baselines.py --result_path ./results/ --dbname SIFT1M --skew default --store --target_queries 0 --nruns 3 --seed 42 --nthreads 16 --runid 250227_rerun_baselines_nlist_100 --run_desc None --index_name IVFFlat --topK 100 --niter 10 --nprobe 1 2 4 8 16 20 32 48 64 --nlist 100 --batch_size None
SIFT1M,128,default,42,3,IVFFlat,100,64,10,0.44755611100117676,0.22658172299270518,0.6741378339938819,75.62034654425224,76.29448437824612,112.41345800226554,115.37268798565492,119.49219400412403,120.99255447080358,124.87724699894898,131.64209399255924,149.2628482391592,8.19637716395035,6.77428226868968,132.23954209398002,1.0,0.99993,0.999939,16,16,10000,2025-02-27 13:21:17,python run_baselines.py --result_path ./results/ --dbname SIFT1M --skew default --store --target_queries 0 --nruns 3 --seed 42 --nthreads 16 --runid 250227_rerun_baselines_nlist_100 --run_desc None --index_name IVFFlat --topK 100 --niter 10 --nprobe 1 2 4 8 16 20 32 48 64 --nlist 100 --batch_size None
